ID (primary key),Job Title,Company Name,Job URL
125114,Junior Software Engineer,talend,https://www.linkedin.com/jobs/view/2357043904/?refId=ZKEVDnVCmI5kUntfCsC7OQ%3D%3D&eBP=NotAvailableFromMidTier
125115,Junior Software Engineer,Talend,https://jobs.lever.co/talend/d6f028a9-cafd-42fe-9f90-f89f7cb695d9
125116,Junior Software Engineer,Talend,https://jobs.lever.co/talend/d6f028a9-cafd-42fe-9f90-f89f7cb695d9/apply
125117,"",Unknown,https://hopjump.com/jobs.html?2398218?gh_jid=2398218#positions
110964,"",Unknown,https://mail.google.com/mail/u/1/#inbox
129004,Growth & Engagement Marketing Manager,Pixite Inc,https://www.linkedin.com/jobs/search/?currentJobId=2357743586&f_TPR=r604800&geoId=103644278&keywords=growth%20marketing%20manager&location=United%20States
129045,Junior Software Engineer,HouseCanary,https://jobs.lever.co/housecanary/a8ceb026-4239-4cb3-aba0-2402708658c0/apply
118082,"",Unknown,https://www.revolutionparts.com/
118079,APM,Oscar Health,
125120,Influencer Data Analyst,Princess Polly,https://jobs.lever.co/princesspolly/efb162e1-902f-4314-9b99-38669cc9b62a/apply
129049,"Backend Software Engineer, New Grad (Mountain View)",Confluent,https://jobs.lever.co/confluent/e825f59b-85db-4bd4-b501-40676b3c170b/apply
125122,Product Manager,PresenceLearning,https://www.presencelearning.com/about/careers_jobs/?gh_jid=4911087002&gh_src=93ab36e72us
125123,"Data Scientist, SME",ManTech,https://www.linkedin.com/jobs/search/?currentJobId=2155733658&pivotType=jymbii
125125,"",SoFi Home,https://jobs.jobvite.com/sofi/job/oMbgefwb/apply
111247,"",Unknown,https://www.lob.com/careers/apply?gh_jid=2444491
120689,Digital engineering - software engineering - associate-61046,Fannie Mae,https://fanniemae.taleo.net/careersection/10000/jobdetail.ftl?job=61046&lang=en&utm_source=linkedin&utm_medium=job_posting&utm_campaign=core_program&src=JB-13800
120725,Product Manager (FDG),HubSpot,https://boards.greenhouse.io/embed/job_app?token=2526663&gh_src=240b46771
119726,Product Manager,Hubspot,https://www.hubspot.com/careers/jobs/2529007?gh_jid=2529007
119732,Product Manager,Lyft,https://boards.greenhouse.io/lyft/jobs/4944457002?gh_jid=4944457002
125126,"",Unknown,https://www.nerdwallet.com/careers/job/2513624#applyJob
120544,"Product Manager, Measurement Attribution",Pinterest,https://www.pinterestcareers.com/jobs/product-manager-measurement-attribution-seattle-washington-united-states
125129,"Software Engineer (New Grad - Arlington, TX)",l3harris,https://careers.l3harris.com/job/arlington/software-engineer-new-grad-arlington-tx/4832/18227829?src=SNS-10240
125130,Software Engineer - Cloud Metrics,Datadog,https://www.datadoghq.com/careers/detail/?gh_jid=1825899&gh_src=8363eca61
125132,Associate Software Engineer - Corporate Technology | FC Investigations,JP Morgan Chase,https://jpmc.fa.oraclecloud.com/hcmUI/CandidateExperience/en/sites/CX_1001/job/190079816/?utm_medium=jobshare
125134,Software Engineer,Lunchclub,https://jobs.lever.co/elliot/03fd7576-977b-4676-be63-9c80af9e107f/apply
125136,Software Engineer,Dell,https://www.linkedin.com/jobs/search/?currentJobId=2358415619&pivotType=jymbii
125139,Strategy & Analysis Manager,SmartHop,https://boards.greenhouse.io/smarthop/jobs/4303395003?gh_src=d85140413us
125143,Data Product Manager,Invitae,https://boards.greenhouse.io/invitae/jobs/2555380?gh_jid=2555380&gh_src=c30c64551
125144,Data Engineer,Pactera EDGE,https://www.linkedin.com/jobs/view/2343349732/?refId=FupHC6OMWpyI8isj18mpGw%3D%3D&eBP=NotAvailableFromMidTier
125148,"Product Manager, Analytics",Vimeo,
125149,Full Stack Developer,Feast & Fettle,https://www.linkedin.com/jobs/search/?currentJobId=2337418750&pivotType=jymbii
125145,	Data & Analytics Consultant,Slalom Consulting,https://slalom.secure.force.com/careers/ts2__JobDetails?jobId=a0h1R00000BXb78QAD&tSource=
125147,"Director, Data Science and Engineering",AbbVie Biotech Ventures,
125150,"Senior Manager, Data and Integration",Hashicorp,
125151,"Product Finance & Strategy, Risk and Merchant Intelligence application",Stripe,
125152,"Engineering Manager, Risk Engineering application",Stripe,
125153,Senior Product Manager - Trust & Safety - User Behavior,Roblox,
125154,Product Manager,Wework,https://careers.wework.com/job/11747007/product-manager-new-york-ny/
125155,Customer Champion ,Coda,
125156,Product Manager,Newsela,https://newsela.com/about/company/careers/post/?gh_jid=2442316&gh_src=080f75f71us
125159,Digital Marketing Manager,Conversica,https://jobs.lever.co/conversica/d67bc571-5500-456d-bbe9-9be4051bedbe/apply?lever-source=Job%20postings%20feed
125158,"Manager, Data & Analytics",AdTheorent,https://www.linkedin.com/jobs/view/2353690651/?refId=LaPxonAcmHU4vIJiaiU2ug%3D%3D&eBP=NotAvailableFromMidTier
125161,UX Designer ,Peloton,https://boards.greenhouse.io/peloton/jobs/2416832?gh_src=839cb4b41us&s=LinkedIn&source=LinkedIn#app
125162,SDE,Apple,
125163,Senior Experience Designer - Remote Employee,Zynga,https://jobs.jobvite.com/zynga/job/oqRkdfwy/apply
125164,Product Designer,Ribbon,"https://www.glassdoor.com/Job/ux-designer-jobs-SRCH_KO0,11.htm?fromAge=1"
125165,Product Designer,Sprinklr,"https://www.glassdoor.com/Job/ux-designer-jobs-SRCH_KO0,11.htm?fromAge=1"
125167,Market Data Research Analyst,Logitech G,https://www.linkedin.com/jobs/view/2345421683/?refId=f4cf4612-e256-4088-a715-421bbc6bcda0
125168,Analyst of Global Sales Enablement,Visa,https://www.linkedin.com/my-items/saved-jobs/
125170,Digital Growth Marketing Analyst,Digital Growth Marketing Analyst,https://www.linkedin.com/jobs/view/2333402520/?refId=184890c6-f5db-4223-ae2f-9e41d447105a
125174,"Associate, Digital Investment",GroupM,https://www.linkedin.com/jobs/view/2272630599/?refId=6a18596f-baa6-4fde-938f-1aaffb077db7
125171,Researcher for Consumer Insights,Zoom Media Group,https://www.linkedin.com/jobs/view/2345450448/?refId=81d3fee0-5254-45c8-b5b8-1aaa7e7f696a
125172,Marketing Analyst I,AMISEQ,https://www.linkedin.com/jobs/view/2355018413/?refId=47e97598-b3d8-4617-a350-a82b3a012736
125173,Marketing Data Analyst,Zendesk,https://www.linkedin.com/jobs/view/2307254342/?refId=3fad67cb-d895-4da3-b422-6995af8b2b1c
125175,Business development associate,Design Everest,https://www.linkedin.com/jobs/view/2334363158/?refId=7c0f4a2a-567c-4ffc-b709-a7a186237b72
125176,"",Unknown,https://www.linkedin.com/jobs/view/2341517807/?refId=R2Rg1KgxvDPefJpwWCxZTQ%3D%3D
125177,Software Engineer - New Grad 2021 (Remote),Quora,https://boards.greenhouse.io/quora/jobs/5010444002?gh_src=f953c6fd2us
125178,Software Engineer - New Grad 2021 (Remote),Quora,https://boards.greenhouse.io/quora/jobs/5010444002?gh_src=f953c6fd2us#app
125179,Software Engineer - New Grad 2021 (Remote),Quora,https://boards.greenhouse.io/quora/jobs/5010444002?gh_src=f953c6fd2us#app
125180,Software Developer,Amazon,
125182,Software Engineer,HealthVerity,https://jobs.lever.co/healthverity/b92091d1-d277-47bd-a29e-f4890ea3f450/apply?lever-source=LinkedIn
125183,SOFTWARE ENGINEER,TopstepTrader,https://www.topstep.com/careers/software-engineer/?gh_jid=4305554003
125185,"",Unknown,http://www.vaticlabs.ai/careers/598228/?gh_jid=598228&gh_src=gcua2y1
125188,Growth Strategy Analyst,Datadog ,https://www.linkedin.com/jobs/view/2349285439/?refId=9525d2a3-6a60-4718-b799-55f8749316e7
125189,Software Engineer,Dell,https://dell.wd1.myworkdayjobs.com/en-US/External/jobs
125191,"Data Analyst, Alexa Automotive, Bilingual Hindi/ English",Amazon,https://www.linkedin.com/jobs/view/2329058178/?refId=87fe87f9-7171-4464-8658-5e08cf03929c
125196,"Product Manager, Business Applications",Book of the Month,http://jobs.bookofthemonth.com/apply/job_20201009020207_ZGNBXSCBEAJTDYSQ
125193,2021 Business Analyst Full Time positions,Amazon,https://www.linkedin.com/jobs/view/2329057325/?refId=e05dfb73-34d5-4087-9eae-6126f9b70561
125198,Product Manager,Electric AI,https://www.electric.ai/company/job-openings?gh_jid=4988140002&gh_src=aea91ff32us
125202,Product Manager - Payouts,Teachable,https://jobs.lever.co/teachable/1c515cf3-a724-4eeb-93f2-a13ba4f90e2b/apply?lever-source=LinkedIn
125201,Associate Product Manager,Oscar Health,https://www.hioscar.com/careers/2554977
125195,Product Analyst - Money,Uber,https://www.linkedin.com/jobs/view/2345018005/?refId=7a3eae02-763d-4851-9975-10b4f4788420
125197,"",Unknown,https://www.linkedin.com/jobs/view/2323926303/?refId=4f1565a5-5cec-4d95-9aeb-796371beb36c
125200,Product Manager,Stash,https://www.stash.com/careers/job?gh_jid=2513944&gh_src=201503e81us
125207,"Product Manager, Mobile",Grammarly,https://boards.greenhouse.io/grammarly/jobs/2418670?src=0bb770131&s=LinkedIn&source=LinkedIn
125209,Software Developer,mRelief,https://www.linkedin.com/jobs/search/?currentJobId=2341525752&f_E=1%2C2%2C3&geoId=103112676&keywords=software%20developer&location=Chicago%2C%20Illinois%2C%20United%20States
125210,Senior Healthcare Digital Strategist,Perficient,https://www.linkedin.com/jobs/search/?currentJobId=2321097118&geoId=92000001&keywords=china%20market&location=Remote
125212,Junior Developer,Tecture,https://tecture.bamboohr.com/jobs/view.php?id=13&source=other
125211,Junior Developer / Software Engineer,Tecture,https://www.talent.com/view?id=16c048ac4f7e&source=linkedin&utm_medium=linkedin
125213,Software Development Engineer III,Tekmark Job Number:141164,https://www.tekmark.com/jobs/view/141164
125215,Web Developer IV,Tekmark Job Number:140954,https://www.tekmark.com/jobs/view/140954
124597,UX Designer - Contract,Blue Fountain Media,https://www.linkedin.com/jobs/search/?currentJobId=2298639957&f_TPR=a1605476230-&geoId=102571732&keywords=user%20experience%20designer&savedSearchId=996703993&start=50
125217,Software Engineer,Provi,https://careers.hireology.com/provi/457163/description?ref=talent.com
125216,Software Engineer,Provi,https://www.talent.com/view?id=1e5a2797fed4&source=linkedin&utm_medium=linkedin
125221,Product Manager,MaestroQA,https://boards.greenhouse.io/maestroqa/jobs/4305727003?gh_src=094d392d3us
125223,"Product Manager, Player",Vimeo,https://boards.greenhouse.io/vimeo/jobs/2263540?gh_src=550f6f7c1us&s=LinkedIn&source=LinkedIn
125225,Demand Generation Manager (remote),Tempered Networks,https://jobs.lever.co/tempered/9991e9d3-a5ff-4694-a065-b991a4d6d376/apply?lever-source=LinkedIn
125228,Product Designer,BrainPOP,https://www.linkedin.com/jobs/view/2316875545/?refid=4038010871608678962699&trackingid=xaxhzzystw6%2bh76wo53gpg%3d%3d
125229,"Software Engineer, Developer Tools",Tempus,https://www.tempus.com/careers/job/?gh_jid=4974284002
125222,Software Engineer (REACT),Computer Resource Solutions,https://www.careerbuilder.com/job/J2Y4BJ6LMVR2M31H7V3?siteid=sep_appcast&utm_source=appcast&utm_medium=aggregator&utm_campaign=software-developers-applications&utm_content=28870094954
125235,Marketing Operations Manager,Demandbase,https://boards.greenhouse.io/demandbase/jobs/2557483?gh_src=eadcf5681us#app
125237,Product Manager,SmartRecruiters,https://www.linkedin.com/jobs/search/?currentJobId=2339063821&f_TPR=r604800&keywords=associate%20product%20manager
125232,Associate Product Manager,Narvar,https://www.linkedin.com/jobs/search/?currentJobId=2346239583&f_TPR=r604800&keywords=associate%20product%20manager
125233,Marketing Activations Manager,Okta.Inc,https://www.linkedin.com/jobs/view/2346251228/?alternateChannel=search&refId=hcQGB4dWybeISYdmi6sU7Q%3D%3D&trackingId=gMNCDWQQ%2BEPyjscT8IKN8g%3D%3D
125236,Associate Product Manager,Blueprint Test Prep,https://www.linkedin.com/jobs/search/?currentJobId=2355096116&f_TPR=r604800&keywords=associate%20product%20manager
125234,"",Unknown,https://www.intapp.com/working-at-intapp/open-positions/?p=job%2FonI4dfw6%2Fapply&__jvst=Job+Board&__jvsd=LinkedIn&nl=1
125238,Entry Level Software Engineer,Capgemini,https://www.capgemini.com/jobs/software-developer-may-2021/
125239,"Manager, Global Brand ",Wikimedia Foundation,https://boards.greenhouse.io/wikimedia/jobs/2441676?gh_src=5013179a1us#app
125241,Associate creative strategist,Digitas,https://www.digitas.com/en-us/careers/743999723221786-associate-creative-strategist
125242,Influencer & branded content coordinator,PMG,https://boards.greenhouse.io/pmg/jobs/5010380002
125243,Product Designer,Food52,https://jobs.lever.co/food52/33d4f5c3-4a38-4a33-86a1-20f2e4c75fdb/apply#
125246,Data Scientist / Analyst,The Johnson Group,https://www.linkedin.com/jobs/search/?currentJobId=2356391555&pivotType=jymbii
125247,Business Intelligence Analyst and Software Integrator,BARD Materials,https://www.linkedin.com/jobs/search/?currentJobId=2344152780&pivotType=jymbii
125248,"Sr. Data Analyst, Energy Analytics","TESLA, Inc.",https://www.tesla.com/careers/search/job/data-analyst-energy-analytics-79849
113541,"",Unknown,https://www.plume.com/homepass/careers/5586
125250,"Data Scientist, Junior",booz allen,https://bah.wd1.myworkdayjobs.com/BAH_Jobs/job/USA-TX-San-Antonio-3133-General-Hudnell-Dr/Data-Scientist--Junior_R0097663?source=JB-16280
125251,Project Data Analyst,Midstream Technologies,https://careers-enlink.icims.com/jobs/3371/project-data-analyst/job?mode=submit_apply
125253,data analyst,Montefiore,https://careers.montefiore.org/job/BRONX-DATA-ANALYST-NY/700513100/?utm_source=LINKEDIN&utm_medium=referrer
125255,Associate Business Analyst,Applied Medical Resources,https://corporate-appliedmedical.icims.com/jobs/4386/associate-business-analyst/job?mode=submit_apply
111392,"",Unknown,https://corp.roblox.com/careers/listing/?gh_jid=2322821
125257,Corporate Strategy Analyst,ASSA ABLOY Group,https://workforcenow.adp.com/mascsr/default/mdf/recruitment/recruitment.html?cid=2c03f8a2-abfd-4b73-a5a4-68a5b947ce06&ccId=19000101_000001&jobId=375435&source=CC2%E2%8C%A9=en_US
125258,Product Manager.,MGM Industries,https://recruiting.adp.com/srccar/public/nghome.guid?appUI=true&c=2169107&d=ExternalCareerSite&prc=RMPOD4&r=5000673292406#
125263,Associate - Operational Improvement,Embark,https://jobs.lever.co/embark/099062cd-975f-435a-b2ab-85558ba11e00/apply
125264,Associate Operational Improvement ,Embark Trucks,https://jobs.lever.co/embark/099062cd-975f-435a-b2ab-85558ba11e00/thanks
125265,UX Designer ,Peloton,https://boards.greenhouse.io/peloton/jobs/2416832?gh_src=839cb4b41us&s=LinkedIn&source=LinkedIn
125266,User Experience Designer,CM Access,https://www.linkedin.com/jobs/search/?currentJobId=2350216251&f_TPR=r604800&geoId=103644278&keywords=ux%20designer%20junior&location=United%20States&start=25
125262,"",Unknown,https://www.pangaea.holdings/careers?gh_jid=5010642002&gh_src=1005c03f2us
111394,"",Unknown,https://www.ixl.com/company/careers?gh_jid=4777172002&gh_src=e358d0722
125268,Product Marketing Manager,Postman,https://boards.greenhouse.io/postman/jobs/4251562003?gh_src=7ad26f843us#app
125270,Associate Product Marketing Manager,Afresh Technologies,https://jobs.lever.co/afreshtechnologies/793e13ca-0dd1-476b-bbb9-ac8b18a0d59b/apply
125271,Associate Product Marketing Manager,Afresh,https://jobs.lever.co/afreshtechnologies/793e13ca-0dd1-476b-bbb9-ac8b18a0d59b?lever-source=LinkedInJobs
125274,Talent Acquisition Data Analyst,Paychex,https://www.linkedin.com/jobs/search/?currentJobId=2341517766&pivotType=jymbii
125275,"",Unknown,https://about.nextdoor.com/careers-list/?gh_jid=2316121
125272,"Analyst, Business Analytics & Insights",2U,https://boards.greenhouse.io/2u/jobs/4981567002#app
125276,Product Marketing - Member Experience,Nextdoor,https://about.nextdoor.com/careers-list/?gh_jid=2316121
125277,Influencer Data Analyst,Princess Polly,https://jobs.lever.co/princesspolly/efb162e1-902f-4314-9b99-38669cc9b62a/apply
111406,"",Unknown,http://game.granbluefantasy.jp/#raid_multi/21242813155
125278,Product Management Associate ,Arthrex,
125279,Product Marketing Manager,FullStory,https://boards.greenhouse.io/fullstory/jobs/5006093002?s=LinkedIn&source=LinkedIn#app
125280,"Data Analyst, Performance Media Analytics",iRobot,https://www.linkedin.com/jobs/search/?currentJobId=2343332954&pivotType=jymbii
125282,"Data Analyst, Clinical Data",TrialSpark,https://boards.greenhouse.io/trialspark/jobs/2554819?s=LinkedIn&source=LinkedIn
125284,Associate Product Management ,Arthrex,
125285,Brand Media Manager,PMG,https://boards.greenhouse.io/pmg/jobs/5010096002#app
125286,Associate Product Manager,Italic,https://jobs.lever.co/italic/f75ec3d6-7c92-421a-833d-0875684288b5/apply?lever-source=LinkedIn
125288,Product Marketing Manager,Postman,https://boards.greenhouse.io/postman/jobs/4251562003?gh_src=7ad26f843us#app
125290,"Data Analyst, Forecasting",CoverMyMeds,https://www.linkedin.com/jobs/search/?currentJobId=2356634365&f_E=2&f_TPR=r604800&geoId=103644278&keywords=data%20analyst&location=United%20States
125291,Product Manager ,"TESLA, Inc.",https://www.tesla.com/careers/search/job/product-manager-73786
125294,Product Marketing Manager,DISQO,https://jobs.lever.co/disqo/55530eeb-1044-4bf8-8f31-f5fd32b2fca7/apply
125298,Data Analyst (Remote),Newfront,https://jobs.lever.co/newfrontinsurance/425881db-4030-48a1-84cc-4e61ac56b5e5/apply?lever-source=LinkedIn
125300,Solar Data Analyst,Momentum Solar,https://www.linkedin.com/jobs/search/?currentJobId=2357072962&f_E=2&f_TPR=r604800&geoId=103644278&keywords=data%20analyst&location=United%20States&start=25
125299,Data Analyst (Remote),Newfront Insurance,https://www.linkedin.com/jobs/search/?currentJobId=2355022033&f_E=2&f_TPR=r604800&geoId=103644278&keywords=data%20analyst&location=United%20States&start=25
125301,Jr. UX Designer,Highlight Technologies,https://www.glassdoor.com/Job/jobs.htm?suggestCount=0&suggestChosen=false&clickSource=searchBtn&typedKeyword=ux+designer+junior&locT=&locId=&jobType=&context=Jobs&sc.keyword=ux+designer+junior&dropdown=0
125302,Analyst,NielsenIQ,https://www.linkedin.com/jobs/search/?currentJobId=2340653064&f_E=2&f_TPR=r604800&geoId=103644278&keywords=data%20analyst&location=United%20States&start=25
125303,"ager, Rider Growth",Uber,https://www.uber.com/careers/apply/dashboard/bWFyZ2FxdWlqYW5vMjlAZ21haWwuY29t
125304,Product Marketing Manager,Pendo,https://boards.greenhouse.io/pendo/jobs/5002724002#app
125305,"Product Marketing Manager, Growth","Snapdocs, Inc.",https://jobs.lever.co/snapdocs/bf61027a-29ae-408a-aea2-327714064c68/apply
125308,Product Marketing Manager,Teladoc Health,https://boards.greenhouse.io/livongo?t=1ef3382c2us
125309,PMM,Stripe,https://stripe.com/jobs/listing/product-marketing-manager-treasury/2298461/apply?gh_src=73vnei
125312,Junior UX Designer,Gambyt,https://www.glassdoor.com/Job/jobs.htm?suggestCount=0&suggestChosen=false&clickSource=searchBtn&typedKeyword=ux+designer+junior&locT=&locId=&jobType=&context=Jobs&sc.keyword=ux+designer+junior&dropdown=0
125313,Junior UX/UI Designer,Starmark,"https://www.glassdoor.com/Job/ux-designer-junior-jobs-SRCH_KO0,18.htm?fromAge=7"
113544,"",Unknown,https://www.plume.com/homepass/careers/5614
125320,Associate Technical Product Manager,Oscar Health,https://boards.greenhouse.io/embed/job_app?token=2554977&gh_src=df2216f21
125319,Developer,SerpApi,
113689,Software Developer ,IMS Inc,
125321,SDE 1,Valassis Digital,
125323,Marketing Campaign Manager,ESO,https://jobs.lever.co/eso/25de9b29-e300-43b1-a9c1-2082fafaf87d/apply?lever-source=LinkedIn
125328,Frontend Software Developer (Angular 2+),Austin Fraser,https://www.linkedin.com/jobs/search/?currentJobId=2355143333&pivotType=jymbii&start=24
125338,Product Marketing Manager,FullStory,https://boards.greenhouse.io/fullstory/jobs/5006093002?s=LinkedIn&source=LinkedIn#app
125341,PMM,Nightfall,https://jobs.lever.co/nightfall/5fa8d517-5e25-458c-8603-1848f2635afa/thanks
125355,"",Unknown,https://www.chime.com/job-openings/?gh_jid=4916976002&gh_src=35f490fd2
125329,Business Analyst,RealCom Solutions,https://www.indeed.com/jobs?q=Data%20Analysis&l=North%20Dakota&ts=1608682262916&rq=1&rsIdx=1&fromage=last&newcount=10&vjk=f8b39dc918dffdd8
125337,Product Marketing Manager,Optoro,https://boards.greenhouse.io/optoro/jobs/2553070?gh_jid=2553070
125340,Product Marketing Manager (Remote) - US & Canada,Nightfall,https://jobs.lever.co/nightfall/5fa8d517-5e25-458c-8603-1848f2635afa/apply
111407,"",Unknown,https://getbento.com/careers/?gh_jid=4940162002&gh_src=4a787e5c2us
125331,Business Analyst ,McKinsey & Company,https://jobs.mckinsey.com/careers/ApplicationMethods?folderId=15136
125333,PMM,Yaguara,https://jobs.lever.co/yaguara/badec05b-19a9-49f0-b722-ea1305beb3e6/thanks
113951,"",Unknown,https://www.wearestoryblocks.com/?gh_jid=1961382
111413,"",Unknown,https://www.virtu.com/careers/
111412,"",Unknown,https://www.mcg.com/about/careers/search-jobs/
125335,PMM,Transcend,https://jobs.lever.co/transcend/61d7386b-28b1-4087-b8e5-35bd7fe59a02/thanks
125342,PMM,collabera,https://www.collabera.com/job-apply-success/
125343,"Product Manager, Healthcare",Flywire,https://www.linkedin.com/jobs/search/?currentJobId=2357445041&f_TPR=r604800&geoId=103644278&keywords=product%20manager&location=United%20States
125347,"Business Analyst, Sales",Lucid Motors,https://jobs.lever.co/lucidmotors/fcf9d40f-67b0-4c7d-9192-e14e963c7f0a/apply
125348,Business Analyst,Uniphore,https://jobs.lever.co/uniphore/7b4069f2-7bbc-4026-8c56-f141b3bc6d0a/apply
125350,Analyst,Project Frog,https://www.linkedin.com/jobs/search/?alertAction=viewjobs&currentJobId=2343394247&f_TPR=a1608764469-&keywords=business%20intelligence&savedSearchId=611292556&searchAlertRefId=1d41a135-583e-4da2-a823-c7d804c81c92
125351,Associate Product Manager,Stamps.com Careers,https://boards.greenhouse.io/stampscom/jobs/4165412003
125353,APM ,Rubicon,https://recruiting.ultipro.com/RUB1004RUGH/JobBoard/b65b7a3c-d3fb-4185-85d4-ac59fac2f527/OpportunityDetail?opportunityId=c584fd48-5ef9-48a3-86f8-796eb8beb6cb&sourceId=87dcd93a-6703-4ad4-858d-d66d7c8248c0
125346,Product Manager,Afresh Technologies,https://jobs.lever.co/afreshtechnologies/63172de8-bb4a-4a5d-aee9-612f47a74380/apply
125360,"",Unknown,https://www.affinity.co/company/careers/job?gh_jid=4231403003
125352,APM ,Stamps,https://boards.greenhouse.io/stampscom/jobs/4165412003
125354,Product Marketing Manager,Envoy,https://boards.greenhouse.io/envoy/jobs/5007875002?s=LinkedIn&source=LinkedIn#app
125356,Product Manager,Storable,https://www.linkedin.com/jobs/search/?currentJobId=2343319339&f_TPR=r604800&geoId=103644278&keywords=product%20manager&location=United%20States
125357,Product Manager,SleepScore Labs,https://www.linkedin.com/jobs/search/?currentJobId=2344160057&f_TPR=r604800&geoId=103644278&keywords=product%20manager&location=United%20States
125358,Product Marketing Manager @ Trailblazing Advertising Platform,Grey Matter Recruitment,https://www.greymatterrecruitment.co.uk/thank-you/
125359,Senior Data Engineer,TapResearch,https://www.linkedin.com/jobs/search/?alertAction=viewjobs&currentJobId=2357032432&f_TPR=a1608764469-&keywords=business%20intelligence&savedSearchId=611292556&searchAlertRefId=1d41a135-583e-4da2-a823-c7d804c81c92
125361,Product Manager,Newsela,https://newsela.com/about/company/careers/post/?gh_jid=2442316&gh_src=080f75f71us
125364,Product Marketing Manager,ThinkHR,https://jobs.lever.co/thinkhr/f44c1e7b-941f-40da-bd89-962d2f8d3747/apply
125365,PMM,Mammoth,https://jobs.lever.co/thinkhr/f44c1e7b-941f-40da-bd89-962d2f8d3747/thanks
125366,Product Manager,MaestroQA,https://boards.greenhouse.io/maestroqa/jobs/4305727003?gh_src=094d392d3us#app
125367,"",Unknown,https://www.linkedin.com/jobs/view/2322415362/?eBP=JOB_SEARCH_ORGANIC&recommendedFlavor=TOP_APPLICANT&refId=u9MsdRXe%2BnKksd9Mdu5biA%3D%3D&trackingId=LVb6D5RvacBShSP9owDpIQ%3D%3D&trk=flagship3_search_srp_jobs
125363,"",Unknown,https://newsela.com/about/company/careers/post/?gh_jid=2444987&gh_src=080f75f71us
125368,Product Manager,BurnAlong,https://www.linkedin.com/jobs/search/?currentJobId=2359099600&f_TPR=r604800&geoId=103644278&keywords=product%20manager&location=United%20States
125372,Product Manager - eCommerce,Omaze,https://boards.greenhouse.io/omaze/jobs/5004900002?gh_src=289a24ee2us#app
125371,Product Marketing Manager,360Learning,https://jobs.lever.co/360learning/8a8eafd7-fd2d-41cb-90d6-705e1decc16b/apply?lever-source=LinkedIn
125374,Product Manager,Whoop,https://jobs.lever.co/whoop/5a8ffafd-3bbe-4389-9d80-26e37de63944/apply
125380,Product Manager,Wework,https://careers.wework.com/job/11329084/?source=0fda6ad13us
125381,Data Scientist,Creospan Inc.,https://www.linkedin.com/jobs/search/?alertAction=viewjobs&currentJobId=2339957301&f_TPR=a1608764469-&keywords=business%20intelligence&savedSearchId=611292556&searchAlertRefId=1d41a135-583e-4da2-a823-c7d804c81c92
125375,PMM,"MakeMusic, Inc.",https://careers-page.workable.com/peaksware/j/70C2ACCAC1/apply/?success
125379,Senior e-Marketing Specialist-Marketplaces,Fanatics,https://jobs.lever.co/fanatics/4f37c82b-35ff-492c-b6c1-5f9d936c629f/apply
125386,Data Analyst/Learning Nucleus Administrator,Alaka`ina Foundation Family of Companies,https://www.linkedin.com/jobs/search/?alertAction=viewjobs&currentJobId=2359827885&f_AL=true&f_TPR=a1609015715-&keywords=data%20analyst&savedSearchId=1140128766&searchAlertRefId=fd9477ca-d121-4ece-b427-1ce24b6bf35f
125388,Data Analyst-(Media Agency Side),"Search Max, Inc",https://www.linkedin.com/jobs/search/?alertAction=viewjobs&currentJobId=2359743155&f_AL=true&f_TPR=a1609015715-&keywords=data%20analyst&savedSearchId=1140128766&searchAlertRefId=fd9477ca-d121-4ece-b427-1ce24b6bf35f
125389,Business Intelligence / Data Analytics Lead,Optima Global Solutions Inc.,https://www.linkedin.com/jobs/search/?alertAction=viewjobs&currentJobId=2336357256&f_AL=true&f_TPR=a1609015715-&keywords=data%20analyst&savedSearchId=1140128766&searchAlertRefId=fd9477ca-d121-4ece-b427-1ce24b6bf35f
125390,Finance Data Analyst,Horizontal Talent,https://www.linkedin.com/jobs/search/?alertAction=viewjobs&currentJobId=2346205171&f_AL=true&f_TPR=a1609015715-&keywords=data%20analyst&savedSearchId=1140128766&searchAlertRefId=fd9477ca-d121-4ece-b427-1ce24b6bf35f
125392,Senior Database Reliability Engineer,Carta,https://www.linkedin.com/jobs/search/?alertAction=viewjobs&currentJobId=1995006308&f_AL=true&f_TPR=a1608969668-&savedSearchId=577825316&searchAlertRefId=9c651342-94a5-48f5-abe2-8acd088a805a
125394,Head of Product,LIQUIDSports,https://www.linkedin.com/jobs/search/?alertAction=viewjobs&currentJobId=2345492289&f_AL=true&f_TPR=a1608969668-&savedSearchId=577825316&searchAlertRefId=9c651342-94a5-48f5-abe2-8acd088a805a
125398,Data Analyst - Catalog Research,True Fit,https://www.glassdoor.com/Job/jobs.htm?suggestCount=0&suggestChosen=false&clickSource=searchBtn&typedKeyword=data+&locT=C&locId=1154595&jobType=&context=Jobs&sc.keyword=Data+Analyst&dropdown=0
125393,Systems Analyst - Commerce and Growth,Evernote,https://www.linkedin.com/jobs/search/?currentJobId=2205262693&f_E=2&f_TPR=r604800&geoId=103644278&keywords=data%20analyst&location=United%20States&start=50
125395,Engineering Team Lead - Machine Learning,Nextdoor,https://www.linkedin.com/jobs/search/?alertAction=viewjobs&currentJobId=2307215234&f_AL=true&f_TPR=a1608969668-&savedSearchId=577825316&searchAlertRefId=9c651342-94a5-48f5-abe2-8acd088a805a
125396,Associate,D20 Capital,https://www.linkedin.com/jobs/search/?alertAction=viewjobs&currentJobId=2317570190&f_AL=true&f_TPR=a1608969668-&savedSearchId=577825316&searchAlertRefId=9c651342-94a5-48f5-abe2-8acd088a805a
125397,"",Unknown,https://www.linkedin.com/jobs/view/2329009935/?refId=bf6loYGW9oZ0V%2BJA39x%2B2Q%3D%3D&trackingId=5e1fa%2FdodI%2F%2FUrJ67oz5Ow%3D%3D
125399,"",Unknown,https://www.linkedin.com/jobs/view/2357895065/?refId=%2BitWhJFKHlF7YAWAd8mLAg%3D%3D
115381,"",Unknown,https://withladder.com/company/jobs/4224078003
125401,Product Manager,Block.one,https://blockone.wd3.myworkdayjobs.com/en-US/Blockone/job/Blacksburg-Office/Product-Manager--EOSIO_JR2000238
125405,"",Unknown,https://www.linkedin.com/jobs/view/2341517807/?refId=GVFew9wc67E%2F2fDiyqQDGQ%3D%3D&eBP=NotAvailableFromMidTier
125407,Software Engineer - New Grad 2021 (Remote),Quora,https://boards.greenhouse.io/quora/jobs/5010444002?gh_src=f953c6fd2us#app
125406,Digital Marketing Manager ,CareRev,https://boards.greenhouse.io/carerev/jobs/4305778003?gh_src=4ddb21b03us#app
125409,Early Stage - Software Engineer!,Scovios,https://www.linkedin.com/jobs/search/?alternateChannel=jymbii&alternateCode=seturl&currentJobId=2328248674&eBP=JYMBII_JOBS_HOME_ORGANIC&pivotType=jymbii&refId=F%2Bm5l%2Br6N9COzmx3zUMyuA%3D%3D&start=0&trk=d_flagship3_job_home
125410,Help Save Lives with Python- Backend Python Engineer,Stealth Startup,https://www.linkedin.com/jobs/search/?alternateChannel=jymbii&alternateCode=seturl&currentJobId=2330682544&eBP=CwEAAAF2p1slSJzSQhQll2S4ENiYJSbKeYarN28RqtqKR2yBhfWKCeCrNQZB1ZYcQnDCBKWG20reHgYVGVCH7MeB-QrrerSMGAIHBMKFzZXIZMr3BvnjP2X_MgK7CXqLqIoNK9qTZ2NMuxnNagrWtjLJDHB0DwjnHlono2BybAddDTYNGKpA6glRLcJ7x9ZqA6k-w4GegNF04kX5bDqKds_1ldGpFrR_pLsTJxF932cbo4Jyo_kxq5c90WtfJM5cAG7UhZP0C4TUHoTnPhTlkbFVqST7kFDDPrcrnH5MGQPibB7x-mFzJa0SrANYttFGFKXlA0duO86mi2LKpGoh_SXJkyxCvX8_M4tu6wMEShm9Iw9GenXrUA&pivotType=jymbii&refId=J%2BQW0SFw16jsQrfOLED9fA%3D%3D&start=24&trk=d_flagship3_job_home
125411,Full-Stack Backend Engineer,Expanxion,https://www.linkedin.com/jobs/search/?alternateChannel=jymbii&alternateCode=seturl&currentJobId=2329000310&eBP=CwEAAAF2p1slSI5e_9RjPYm925L3lfxPUrJXznWXLBRWNqzvBK1u-MQbFnkmLZlbvfWcAV81poqD26XrKbCBxNrpBa8Dt9UoGa0PLl9LrB6FIscodKCSt8EcHCeMrDL187qk5TG0b503PtJNGT7ao3KRVS-a1d8H2V6DrQYTyU9Pdw6biZFf1QESUFWzxpqvxa0sr6KuE2v9PsUpWKhM_qDBmvTUpqZFmc5-9sClYpBB6YYQXxBH6NEOuualOGan88ql2KYalIO0A7usWYpEk7kvCYOlt3ZPjj6ZUk-l7wBh1_aDuo_5B-QfGgyWHsSgvmD1aVoAF1lvnk7eexwhUn_dGcasbxjM2Zyd1xptLnVEUMuSo5odGg&pivotType=jymbii&refId=J%2BQW0SFw16jsQrfOLED9fA%3D%3D&start=24&trk=d_flagship3_job_home
125414,Product Designer,Parsley Health,https://boards.greenhouse.io/parsleyhealth/jobs/4176513003?gh_src=858ff4df3us#app
125415,Full stack engineer,Stripe,https://stripe.com/jobs/listing/full-stack-engineer-stripe-terminal/2345926/apply?gh_src=73vnei
125416,Product Designer [Insights],Remesh,https://boards.greenhouse.io/embed/job_app?token=5008122002
125418,Product Designer (UX/UI),Beeswax,https://boards.greenhouse.io/beeswax/jobs/2555903?gh_src=e7e162691us#app
125419,Full Stack Engineer,Chime,https://www.chime.com/job-openings/?gh_jid=4225361002&gh_src=35f490fd2
125421,Backend Engineer,Juni Learning,https://jobs.lever.co/learnwithjuni/c94e0dd9-4c75-4a2e-a2c5-e223ff56ae1d/apply
125425,Full Stack Engineer (Entry level),"Rubrik, Inc.",https://www.linkedin.com/jobs/search/?currentJobId=2340619030&pivotType=jymbii
125426,Software Engineer,Polybird,https://www.linkedin.com/jobs/search/?currentJobId=2359955641&pivotType=jymbii
125427,Full Stack Engineer,System Soft Technologies,https://www.linkedin.com/jobs/search/?currentJobId=2343339363&pivotType=jymbii
125430,Fullstack Developer,Collabera Inc.,https://www.linkedin.com/jobs/search/?currentJobId=2355327712&pivotType=jymbii
125428,Full Stack Engineer,RevOffers,https://www.linkedin.com/jobs/search/?currentJobId=2341521442&pivotType=jymbii
125429,Software Engineer,Crown Sterling,https://www.linkedin.com/jobs/search/?currentJobId=2345488545&pivotType=jymbii
125431,Full Stack Engineer / Node,"Conversion Labs, Inc.",https://www.linkedin.com/jobs/search/?currentJobId=2340640645&pivotType=jymbii
125432,Python Software Engineer,firstPRO 360,https://www.linkedin.com/jobs/search/?currentJobId=2342437107&pivotType=jymbii
125433,Full Stack Engineer,Options Group,https://www.linkedin.com/jobs/search/?currentJobId=2341526739&pivotType=jymbii
125434,"Full-stack Software Engineer, Web Development (Blockchain)",Optello,https://www.linkedin.com/jobs/search/?currentJobId=2344120711&pivotType=jymbii
125436,Backend Software Engineer (Remote),NavTrac,https://www.linkedin.com/jobs/search/?currentJobId=2346255883&pivotType=jymbii
125437,Web Developer,Renegade Communications,https://www.linkedin.com/jobs/search/?currentJobId=2334191201&pivotType=jymbii
125438,Platform Software Engineer,Rapid Robotics,https://jobs.lever.co/rapidrobotics/12f7f63c-da37-4515-a626-a44553cc37ff/apply
125439,PHP Software Engineer-135k-100% REMOTE,Austin Fraser,https://www.linkedin.com/jobs/search/?currentJobId=2353708291&pivotType=jymbii
125440,Full Stack Engineer,Kofi Group,https://neuvoo.com/view/?id=a5f301da2278&source=linkedin&utm_source=partner&utm_medium=linkedin&puid=eadfaddbbada8dddcddggddf7adcgadfaddefdde3de9cdc8fec3ddcg3e&splitab=1&action=emailAlert
125446,"Digital Marketing Manager, Affiliate REMOTE",LQ Digital,https://jobs.lever.co/lqdigital/fef89307-c45f-453a-be30-0888609cf7d5
125450,Data Scientist,Fanatics,https://jobs.lever.co/fanatics/520d9db3-794c-43ed-b409-24c5601bde60/apply
125449,Sr.Data Analyst,"TESLA, Inc.",https://www.tesla.com/careers/search/job/data-analyst-energy-analytics-79849
125451,Data Scientist,Booz Allen ,https://bah.wd1.myworkdayjobs.com/en-US/BAH_Jobs/jobs?source=JB-16280
125452,Data Scientist II ,GM Financial,https://careers-gmfinancial.icims.com/jobs/38131/data-scientist-ii/job?mode=submit_apply&from=assessment
125453,Project Data Analyst,Enlink Cloud,https://careers-enlink.icims.com/jobs/3371/project-data-analyst/job?mode=submit_apply
125454,Data Scientist,C3.ai,https://boards.greenhouse.io/c3iot/jobs/4056868002?gh_src=f3649ba92&s=LinkedIn&source=LinkedIn
125461,Supply Chain Analyst,Addison Group,https://www.linkedin.com/jobs/search/?alternateChannel=jymbii&alternateCode=seturl&currentJobId=2345552455&eBP=CwEAAAF2kOCchVKMGMHG2EMNf2bIHeB-ItyYwxTgKazEBkUDinv_xa3Or5BUMvlhAXWdUv0hXt2uGos4qEY2fzggEo-02r-iNIEM3yp7xgUekzZURYEgN_1JNfHjTr9s9REKeVHMxNwrs833PiKdaU58i_mEiq9avL-EzWGRF4g1vczOC0ZwMqZ0yEJOKC_wzigIGWePslA4qiYPBQeZfwohPEed5B84Eb0CoBy5-xOldFYG0JKHNRWYB_qY464i0QWMFz5WlAVe7kYRPBvSWUsIRjxCPvhUSgn4mFVnuJYEYzkqzoW53RUtYp2K3dMFMy1672IXr8ZVYBhXxfLBjvLwgzVx14S3IeMJo2fAFhHLCAoLjxC8F3LB&pivotType=jymbii&refId=mHb4Ft98pZkloQbc%2F7MYKg%3D%3D&start=48&trk=d_flagship3_job_home
125464,Supply Chain Manager,Sunstream Corp,https://www.linkedin.com/jobs/search/?alternateChannel=jymbii&alternateCode=seturl&currentJobId=2300367252&eBP=CwEAAAF2kOCchZQqWNgR3MTffehXbCBlKMjWV5RXTppkEzWZ27c-pjZiWzqvnFwAfCtD0RlV6OfACJ6bg2hkZkVCCwjhJXgYuGYD2n5dvup7NoqyPd0c8blJSQhSYpflwkqCAxcnxvOB5n-DmLu6ZOk8v0vulYwo8Tjgosv8VVIhGvNGFFfYZzDz8X7VVf0Bx9rEWSrEzp1of2ERfeWg6IPLYSNib6G6m-cwGhn78v4gZ2zZSvhkdVLi9lm0JfETszoWpGmHCTCfbLkafgoltpB_ZXAn6w8XHbalxURHrx9myXiLnM_-SDweC6I67Q82zpHcXCWGMbGc0NbPnBvrIOWavwY4sv2c0AtYpptz7dGkJKe9E7edZA&pivotType=jymbii&refId=LA4CJXjIuec6M%2FqDtTOE8Q%3D%3D&start=48&trk=d_flagship3_job_home
125465,Software Engineer,streamSQL,
125467,Product Marketing Manager,360Learning,https://jobs.lever.co/360learning/8a8eafd7-fd2d-41cb-90d6-705e1decc16b/apply
125468,Software Engineer,Speedscale,https://www.linkedin.com/jobs/search/?currentJobId=2342476267&f_E=1%2C2&f_JT=F%2CI&f_TPR=r86400&geoId=103644278&keywords=software%20engineer&location=United%20States
125470,Software Engineer,Unknown,https://www.linkedin.com/jobs/search/?currentJobId=2006310188&f_E=1%2C2&f_JT=F%2CI&f_TPR=r86400&geoId=103644278&keywords=software%20engineer&location=United%20States
125472,"Software Engineer, Full Stack",Forward,https://jobs.lever.co/goforward/622567b4-901d-4f8b-8f9d-f95f166f8f2f/apply
125474,Software Engineer II - Web,Match Group,https://jobs.lever.co/matchgroup/7137be77-d3c5-4a47-b52b-351b907a5f49/apply
125475,Product Manager - Payouts,Teachable,https://jobs.lever.co/teachable/1c515cf3-a724-4eeb-93f2-a13ba4f90e2b/apply
125480,Product manager,Unknown,https://jobs.lever.co/dexairobotics/4b8d4832-fd81-4771-b56e-51d886b77305/apply
125484,Digital Marketing Specialist,Catch Creation,https://www.linkedin.com/jobs/search/?alternateChannel=jymbii&alternateCode=seturl&currentJobId=2339083465&eBP=JYMBII_JOBS_HOME_ORGANIC&pivotType=jymbii&refId=zr%2Fm5S5Mt4Xv0pc1%2Fltz6Q%3D%3D&start=24&trk=d_flagship3_job_home
125473,"",Unknown,https://www.klaviyo.com/careers/job?gh_jid=4253048003&gh_src=1284ec8c3us
125478,Paid Social Strategist- (AGENCY SIDE),"Search Max, Inc",https://www.linkedin.com/jobs/search/?alternateChannel=jymbii&alternateCode=seturl&currentJobId=2359736827&eBP=JYMBII_JOBS_HOME_ORGANIC&pivotType=jymbii&refId=1M9U0rO0FfVRiS7spoCjQQ%3D%3D&start=0&trk=d_flagship3_job_home
125485,"Data Analyst, eCommerce",The Knot Worldwide,"https://www.glassdoor.com/Job/us-data-analyst-jobs-SRCH_IL.0,2_IN1_KO3,15.htm?jobType=fulltime&fromAge=3&minSalary=49400&maxSalary=143600"
125486,Programmer,CyberCoders,https://www.linkedin.com/jobs/search/?currentJobId=2346256102&f_E=1%2C2&f_JT=F%2CI&f_TPR=r86400&geoId=103644278&keywords=software%20engineer&location=United%20States&start=25
125488,"Software Engineer, Terraform Cloud",HashiCorp,https://boards.greenhouse.io/embed/job_app?token=2375217&gh_src=a8bc2ad21&s=LinkedIn&source=LinkedIn
125483,Strategist,Saatchi & Saatchi Wellness,https://www.linkedin.com/jobs/search/?alternateChannel=jymbii&alternateCode=seturl&currentJobId=2341523872&eBP=JYMBII_JOBS_HOME_ORGANIC&pivotType=jymbii&refId=zr%2Fm5S5Mt4Xv0pc1%2Fltz6Q%3D%3D&start=24&trk=d_flagship3_job_home
125487,Paid Social Analyst,Brooklinen,https://boards.greenhouse.io/brooklinen/jobs/2555322#app
125494,Digital Marketing Specialist,DUKE CONCEPT,https://www.linkedin.com/jobs/search/?currentJobId=2342470044&f_TPR=r86400&geoId=105080838&keywords=growth%20marketing&location=New%20York%2C%20United%20States
125495,Software Engineer Intern,PeachPay: Ultrafast Checkout,https://www.linkedin.com/jobs/search/?currentJobId=2360329606&f_E=1%2C2&f_JT=F%2CI&f_TPR=r86400&geoId=103644278&keywords=software%20engineer&location=United%20States&start=75
125496,Software Engineer,Tata Consultancy Services,https://www.linkedin.com/jobs/search/?currentJobId=2323911547&f_E=1%2C2&f_JT=F%2CI&f_TPR=r86400&geoId=103644278&keywords=software%20engineer&location=United%20States&start=75
125497,Data Analyst - eCommerce,Hopkins Manufacturing Corporation,"https://www.glassdoor.com/Job/us-data-analyst-jobs-SRCH_IL.0,2_IN1_KO3,15.htm?jobType=fulltime&fromAge=3&minSalary=49400&maxSalary=143600"
125489,"",Unknown,https://www.compass.com/careers/?gh_jid=2550685
125499,Software Engineering Apprentice,Flatirons Solutions,https://flatiron.com/careers/open-positions/2451150?gh_jid=2451150
125498,Software Engineer,Rohde & Schwarz,https://www.linkedin.com/jobs/search/?currentJobId=2250530818&f_E=1%2C2&f_JT=F%2CI&f_TPR=r86400&geoId=103644278&keywords=software%20engineer&location=United%20States&start=75
125500,Software Engineering Apprentice,flatiron,https://flatiron.com/careers/open-positions/2451150?gh_jid=2451150
125504,"Product Manager, Medallia LivingLens",Medallia,https://jobs.lever.co/medallia/7f22899f-bcb6-41c7-8a00-4ac798c9645c/apply
125492,Data Scientist,Rhino,https://boards.greenhouse.io/rhino/jobs/4303898003
125501,Operations Associate,Metro Global Ventures LLC,https://www.linkedin.com/jobs/search/?currentJobId=2355129082&pivotType=jymbii
125502,Data Analyst (1-2),Function of Beauty,"https://www.glassdoor.com/Job/us-data-analyst-jobs-SRCH_IL.0,2_IN1_KO3,15.htm?jobType=fulltime&fromAge=3&minSalary=49400&maxSalary=143600"
125503,"Product Manager, Medallia LivingLens",Medallia,https://jobs.lever.co/medallia/7f22899f-bcb6-41c7-8a00-4ac798c9645c/apply
125506,Software Engineer - Infrastructure,Zoox,https://jobs.lever.co/zoox/ad195218-2b53-459a-9775-78b786497df0?lever-source=LinkedInJobs
125507,Software Engineer - Infrastructure,Zoox,https://jobs.lever.co/zoox/ad195218-2b53-459a-9775-78b786497df0/apply
125510,"Software Engineer, Data Engineering",Foursquare,https://boards.greenhouse.io/foursquare26/jobs/2198826?gh_src=5ce553f31&s=LinkedIn&source=LinkedIn
125511,"Software Engineer, Data Engineering",Foursquare,https://boards.greenhouse.io/foursquare26/jobs/2198826?gh_src=5ce553f31&s=LinkedIn&source=LinkedIn
125520,Software Engineer,HubSpot,https://boards.greenhouse.io/embed/job_app?token=86940&gh_src=240b46771&s=LinkedIn&source=LinkedIn
125521,Software Engineer,HubSpot,https://boards.greenhouse.io/embed/job_app?token=86940&gh_src=240b46771&s=LinkedIn&source=LinkedIn
125518,"Software Engineer, Internal Services",Klaviyo,https://www.klaviyo.com/careers/job?gh_jid=4253048003&gh_src=1284ec8c3us
125524,Support Operations Program Manager,Gong.io,https://jobs.lever.co/gong/bcafdfbb-bc1d-41d8-ab31-0e5645bc40a9/apply
125525,Senior Program Manager,Hearsay Systems,https://jobs.lever.co/hearsaysystems/e3be4920-93b4-4e6e-8c45-f0b6e7f0ed7e/apply
125528,"Senior Software Engineer, Platform",Plenty,https://www.plenty.ag/careers/job/4973481002
125523,"Software Engineer, Full Stack (Ads Technology) 2021 Start",Tiktok,
125530,"",SoFi Home,https://jobs.jobvite.com/sofi/job/oMbgefwb/apply
125531,Associate Product Manager,Ribbon Health,https://jobs.lever.co/ribbonhealth/ae44d8e8-7638-44ef-9938-dd1f2c96e650/apply
125515,Product Operations Manager,Quantum Metric,https://jobs.lever.co/quantummetric/a0f5ee48-ffd5-4f06-b8f5-07aaaa8893f2/apply
125516,"Software Engineer, Full Stack",Forward Internet Group Ltd.,https://jobs.lever.co/goforward/622567b4-901d-4f8b-8f9d-f95f166f8f2f
125517,"Software Engineer, Full Stack",Forward,https://jobs.lever.co/goforward/622567b4-901d-4f8b-8f9d-f95f166f8f2f/apply
125519,Software Engineer,Klaviyo,https://www.klaviyo.com/careers/job?gh_jid=4253048003&gh_src=1284ec8c3us
125522,"Manager, Product Management",Xero,https://jobs.lever.co/xero/fdf48a9b-753c-4fa6-953a-0a5cfcde688c/apply
125527,Associate Product Manager,Bright Health,https://jobs.lever.co/brighthealthplan/a572bf12-ba8c-4236-8f45-74d1072f6a6e/apply
125526,Technical Program Manager,Microsoft,
125534,"Program Manager, Global Payments & Fraud",Sony Interactive Entertainment PlayStation,https://boards.greenhouse.io/sonyinteractiveentertainmentplaystation/jobs/2413634
125537,Program Manager,Sony Interactive Entertainment PlayStation,https://boards.greenhouse.io/sonyinteractiveentertainmentplaystation/jobs/2413706
125543,Software Engineer,Checkbook,
125536,Senior Technical Program Manager,Sony Interactive Entertainment PlayStation,https://boards.greenhouse.io/sonyinteractiveentertainmentplaystation/jobs/2370049#app
125538,Growth Marketing - Lifecycle Analyst ,Premise,https://boards.greenhouse.io/embed/job_app?token=2527545&s=LinkedIn&source=LinkedIn
125542,"Program Manager, Operations Excellence (Ocean)",Flexport,https://boards.greenhouse.io/flexport/jobs/2462653#app
125546,"Global Program Manager, Partner Procurement",Flexport,https://boards.greenhouse.io/flexport/jobs/2356279
125547,Senior Product Analyst,Jobcase,https://jobs.lever.co/jobcase/9c9f38f1-64f6-499b-8734-5035e8ee4a57/apply
125574,Strategic Growth Associate,Compass,https://www.compass.com/careers/?gh_jid=2533280
125572,"",Unknown,https://www.merchantsfleet.com/about/careers/job-board/?gh_jid=4298603003&gh_src=c409101c3us
125595,"",Unknown,https://www.fastly.com/about/jobs/apply?gh_jid=2298551
125585,Marketing Associate,Future Motion,https://jobs.lever.co/rideonewheel/4ddbb4df-587a-4b2f-8ced-9f77f1eabd11/apply?lever-source=Glassdoor
125591,"People Program Manager, Onboarding",Twilio,https://boards.greenhouse.io/twilio/jobs/2534130?t=cyu53e&s=LinkedIn&source=LinkedIn#app
125593,Talent Engagement Program Manager,Unknown,https://jobs.jobvite.com/linkedin/job/oyngefw9/apply?action=apply&termsAccepted=true
125594,Product Manager,BetterUp,https://boards.greenhouse.io/betterup/jobs/2393418
125599,Associate Product Marketing Manager,Medallia,https://jobs.lever.co/medallia/0decdeb7-e888-44a0-8515-37008db17525/apply?lever-origin=applied&lever-source%5B%5D=BuiltInAustin
125549,"",Unknown,https://www.linkedin.com/jobs/view/2343393733/
125550,"",Unknown,https://www.linkedin.com/jobs/view/2334173611/?eBP=CwEAAAF2qlOsduc3Bajf9rdhQy8HSvh-ln7JJqCnEUk6_kfb38FliTz8p963O65vSb2Rbhi30Zzm2ZB4tTQv2fa0PCVgEgjlsk8cgmvODHVfmAyGtPCfTBfF7SMjzfVvo-_qVJC2NtTy9q-wUD4exhF93yPbiz-bc3KCkykA5dgUynZMs9t19wajac1-37vED8aGEOJ4zXWkMZ_pMjwu_qawyWJxvCN_nbcqknNR3nOWxJ72Qbes-SORX4-BzUhEUCT3Q6mOpDZoS5S77MQ4bBHpdLbnZoYPHB8MRetync7_8UCHOTF9PGpSi2_5_Hp96dbozmKmSTN-rHMr3zm3lnpcbqmIUbfUMdtGEw15Ss4mHW_-nfkxVaoE&recommendedFlavor=IN_NETWORK&refId=7%2FtiB%2FD7ioNn5MopMviF4Q%3D%3D&trackingId=2%2FYpKh1XzKjimEV%2BDgJJdQ%3D%3D&trk=flagship3_jobs_discovery_jymbii
125548,Software Engineer,Lunchclub,
125552, Business Development Associate,lifo.ai,https://www.linkedin.com/jobs/view/2315008810/?refId=b94d42ef-31e8-46ae-9c37-eec9ef270175
125554,Full Stack Engineer,Optomi,https://www.linkedin.com/jobs/search/?currentJobId=2347325507&pivotType=jymbii
125557,"",Unknown,https://www.linkedin.com/jobs/view/2360299529/?eBP=JYMBII_JOBS_HOME_ORGANIC&recommendedFlavor=ACTIVELY_HIRING_COMPANY&refId=7%2FtiB%2FD7ioNn5MopMviF4Q%3D%3D&trackingId=vLtGOPW4gub2W1kZEAo95g%3D%3D&trk=flagship3_jobs_discovery_jymbii
125558,"",Unknown,https://www.linkedin.com/jobs/view/2334194368/?eBP=CwEAAAF2qlOsdsiTKBpt1ReCtoQ-LCIRHlMJx29zs7u82eQ9TCpEPbSSoF1ob1hSurllCpyRubiIthSKqtz_O_KctgysKhHtKmLM7isW_boAy38Zf3AfkkLXaZ755Mw9A43tLf6ycee7bDz8df-GgLprtB8wWhDpmx2IXYys_Q9Ehc87lzm_3kbQVA8QGwjAZeAm5dLb5FO_EK7coegwa6NVQ4ap5P_DeG6cdrp7SnZyVDV2oM3l7izvMMt6R16j-HfztJ3ABTC-HAaO1DiTZLxB86okyfcArxjY5Z3GFsGCdDtul-1053ixorOlAo78DqsUyEcj3I-S8k2k1e8IHxLeWIx_0fhwvuB2XGldIYZc9-7bXUTOJNes&recommendedFlavor=ACTIVELY_HIRING_COMPANY&refId=7%2FtiB%2FD7ioNn5MopMviF4Q%3D%3D&trackingId=jS5zc18C3pd3m9S%2BFZa97g%3D%3D&trk=flagship3_jobs_discovery_jymbii
125559,"",Unknown,https://www.linkedin.com/jobs/view/2346919467/?eBP=CwEAAAF2qlOsd0Fnmd70rc-xMfA3YnfGHrZQPt7f61Ry6N3zXCirCzYD0RzR4WVLjTUIcuwI7eFK38C-BJ74H-JbeUXrCQtZDE5_zOZNlVxhwWDMHMSNVTU63-8h-X3VQ-TlCaxAucSHGIwxdGwzJAdEJ1PWkxRzsLcwOvk0x4hJ3NAfAIridCL3lfBQ2uE-9Ub0sSwq7WNn5ChCDDyYND6VTzM-6d8_ktIOdWZOsyzs8rqLnQ57LQDBvv2o9FYN6hlKQRR8ZODbFBvQOBsY8v_d8XkNioXEuc6gy5q1U3VGJOC761ekPZDxMS-CHc6k7ZiyWCxy9_pynyiOgjbBWiXkRmLb2gB_PjXoiFITi7k36GHkBMclFEAS3bs&recommendedFlavor=IN_NETWORK&refId=7%2FtiB%2FD7ioNn5MopMviF4Q%3D%3D&trackingId=%2B8x3BV0wvQpJfB5aWtETgQ%3D%3D&trk=flagship3_jobs_discovery_jymbii
125561,"",Unknown,https://www.linkedin.com/jobs/view/2356533770/?eBP=JYMBII_JOBS_HOME_ORGANIC&recommendedFlavor=SCHOOL_RECRUIT&refId=7%2FtiB%2FD7ioNn5MopMviF4Q%3D%3D&trackingId=9mdafktFkQnpY7IcocpnYg%3D%3D&trk=flagship3_jobs_discovery_jymbii
125553,"",Unknown,https://redjack.com/jobs/?gh_jid=4046704003&gh_src=7ce85fce3us&source=JobTarget%20via%20JobTarget%20Programmatic&utm_source=JobTarget&utm_medium=JobTarget%20Programmatic&utm_campaign=Software%20Developer%20(4046704003)&_jtochash=nVkBNXi2D5rMCEpniwg4b&_jtocprof=I97Y3y_1ncai-sXnRRdK4uuiKwDjHrZy
125562,"",Unknown,https://www.linkedin.com/jobs/view/2354938919/?eBP=CwEAAAF2qlOsd0fRLXjIYPkTWLX5GWmNg2_w8mVT2p1ggkFVSNKGiRoUYSTZS3GbQITiMyqiMbKmPiD148jIHjjbvU-QAfqD4OL8nKxc0sJS-cC7FV24_5oJqe-njIRJqZYpQddkWn82FQrW2Um4k4tM1nbqL9LJfdyLmtvHKEyrKE06TqBQ3WVlfVAMU8xow7m6wXgvXsIgCB87vaNIoQ-73kAEtucpNJ_nzVYJouGBDxiFK0vc_vymkYmgSJp5-Cyg2bZPEMn6nyHc1h38RFkS4u26zmSUoq-sDvd5zc1oMls-xK2gVn_omytKm5iXD2Yx9OaLrmAl3KghA0NchsqDlNJhgGISfJ-YPUYYg_KO3DDP8kZdetLnO_Q&recommendedFlavor=ACTIVELY_HIRING_COMPANY&refId=7%2FtiB%2FD7ioNn5MopMviF4Q%3D%3D&trackingId=0b7wDcP0wqI%2Bdkz%2BInaXVg%3D%3D&trk=flagship3_jobs_discovery_jymbii
125563,"",Unknown,https://www.linkedin.com/jobs/view/2346725230/?eBP=CwEAAAF2qlOsd6JQPyIlO-U2ExXiTIlD5W9pyK1Ygj9u3ZOyCb_grzjMiXl0IST5C0vZZn3_hYV8z8nmntOGJ6YqlTGnWIeg3ZUc8mWe-uqdlBlRvrgPj0bCDvz1jwu8Awt8kLXwXrmhWl05NRssOJ5VBm7sa1_X3rG51HdKCi4oL6cKe6VienEz9gPZtKcA_BhmGx-dpBPW7PwSdm9suCaGXeSWiMCsD3ZkSNGKOVNtvcsWwETEjTyp6me3mqjHeT0Y_HiiX7iBcBp54wgUbWlMbdEyIBFB7_MGvXYRDtX7hofgtK3nGg55VolWbZEgZLMd5DgdXm9cZiLiugnUm4Y-0hU9KfHfBJgBZyr6KyGq22uPPsYu3z2T&recommendedFlavor=ACTIVELY_HIRING_COMPANY&refId=7%2FtiB%2FD7ioNn5MopMviF4Q%3D%3D&trackingId=15v2wmijj2rmLKzAwd%2B18A%3D%3D&trk=flagship3_jobs_discovery_jymbii
125565,"",Unknown,https://www.linkedin.com/jobs/view/2340607944/?eBP=CwEAAAF2qlOsd0QPq_aL2DeOCqZQgYalrQETYu206cFulEmRAtabqN0bs9innEC5RYPYUce6HIReFTBCeiaWbJ3y2vr5t_AoKL4zO_yebZkoQohekoQwIzmZm9EKH6WdYOzdW6bWngSoPmewxDjAEdLVbZA6gZ2SWTQsruRgoIsmL-0Tb9rjTp9xfptlBpxvaQiekWfRFcMcG7-e2BOPxflMrIiFvOHohiwK1WMMH8t6v_L-gIsc4rZScT2pVWRQmUAMI7KzaP3r-2SzePXC8_CAzLRyPAn58-yoPX7E8bStyVI_dhpkiSrcEGO2dQgVjd-GLYjp1ByAtuc8qzj7JQH8hjoDuLPhacp73WIs14q2aANOx4q-GXAq&recommendedFlavor=SCHOOL_RECRUIT&refId=7%2FtiB%2FD7ioNn5MopMviF4Q%3D%3D&trackingId=C9al4C1ckNMo9vCoYi%2BeWA%3D%3D&trk=flagship3_jobs_discovery_jymbii
125564,Marketing Communications Specialist,Neato Robotics,https://neatorobotics.com/job-board/?gh_jid=5001674002
125575,Product Designer,Brainpop,https://www.linkedin.com/jobs/view/2316875545/?refid=4038010871608678962699&trackingid=xaxhzzystw6%2bh76wo53gpg%3d%3d
125576,"",Unknown,https://www.linkedin.com/jobs/view/2343389067/?eBP=CwEAAAF2qlPCxgJKW9hl_8dOA9f4ishROuP16qwWOCNfbF6WpxYuU0O5uu0M5TQDWHeengQdLNglvohl02x5ozNfafgUZNwZuZH8kxUOMgXH1citCbM8U2q1bGNg334uTrIf7YBJ213GLwQybWOM5GrF-Tab6fsewzaQPFMvIJ62zwKpeLdaZRMaxX-_a8M__-d0SyxuWf-qKZ3gsTqqJsRT7IdTtuY3S8W2-WFeDS6SaR6NVJzzIf-DmBhCJzgX-YTmjIU7xLWGYa-HuLMN1UOHZ4b5NoA9cpqipabitP_OE4groTm_rACIZvIz4AJp0YJlGFXXwFcZflBes-vfdiEEHxewfbVMPvhXHSYJT3irN90r5n4cOA&recommendedFlavor=ACTIVELY_HIRING_COMPANY&refId=OV8Gb0Z1fyWXhbVXuKetlQ%3D%3D&trackingId=V22ccBnHqHOnK7kqGSw3Ww%3D%3D&trk=flagship3_jobs_discovery_jymbii
125580,Email Marketing Specialist,"Internet Brands, Inc. Logo",https://jobs.jobvite.com/internetbrands/job/o1Swdfwm/apply
125581,"",Unknown,https://www.linkedin.com/jobs/view/sr-product-manager-health-fitness-ar-vr-robotics-at-skyrocket-ventures-2346210394/?utm_campaign=google_jobs_apply&utm_source=google_jobs_apply&utm_medium=organic
125584,Marketing Analyst,Everlane,https://boards.greenhouse.io/everlane/jobs/4220081003
125587,Product Analyst,SafeAuto,https://jobs.lever.co/safeauto/547158b9-5a72-44f8-9686-d0aee9a709b1/apply?lever-source=LinkedIn
125588,Marketing Coordinator,Universal Music Group,https://jobs.jobvite.com/careers/universalmusicgroup/job/oyaUdfwz/apply?__jvst=Job%20Board&__jvsd=glassdoor
125586,Environmental Planner/Scientist,Rincon Consultants ,
125589,Executive Development Program Manager,Intuit,https://www.linkedin.com/jobs/search/?geoId=103644278&keywords=program%20manger&location=United%20States
125590,"People Program Manager, Onboarding",Twilio Inc.,https://www.linkedin.com/jobs/search/?currentJobId=2340878084&geoId=103644278&keywords=program%20manger&location=United%20States
125592,Product Manager - Measurement (Performance Advertising) ,Reddit,https://boards.greenhouse.io/reddit/jobs/2412283
125596,Program Manager,Sony Interactive Entertainment PlayStation,https://boards.greenhouse.io/sonyinteractiveentertainmentplaystation/jobs/2524767/?t=b8y5ha&s=LinkedIn&source=LinkedIn#app
125597,Product Designer,Joybird,https://boards.greenhouse.io/joybird/jobs/5010752002?gh_src=3cec8f4a2us
125598,Program Manager,Amazon,https://www.linkedin.com/jobs/search/?currentJobId=2337492254&geoId=103644278&keywords=program%20manger&location=United%20States
125600,Associate Product Marketing Manager,Medallia,https://jobs.medallia.com/job/associate-product-marketing-manager/0decdeb7-e888-44a0-8515-37008db17525
125602,People & Talent Program Manager,Twitch,https://www.linkedin.com/jobs/search/?currentJobId=2220589651&geoId=103644278&keywords=program%20manger&location=United%20States
125604,Program Manager - Platform,Spotify,https://jobs.lever.co/spotify/3540c164-23e4-47fc-b759-8ae066ca1528/apply?lever-source=LinkedIn
125605,Java Developer,Jobot,https://www.linkedin.com/jobs/search/?currentJobId=2347303275&pivotType=jymbii
125606,Diversity Talent Sourcing and Partnerships Program Manager,Twilio,https://boards.greenhouse.io/twilio/jobs/2412676?t=cyu53e&s=LinkedIn&source=LinkedIn#app
125607,Diversity Talent Sourcing and Partnerships Program Manager,Twilio Inc.,https://www.linkedin.com/jobs/search/?currentJobId=2277127011&geoId=103644278&keywords=program%20manger&location=United%20States
125613,Data Scientist,Nintendo,https://www.linkedin.com/jobs/view/2345429015/?alternateChannel=search&refId=jCAVTPF6MiO6I1s%2FWiYYaA%3D%3D&trackingId=rSz5MT9Nww7ggyOp%2Fd8euA%3D%3D
125617,"",Unknown,https://stripe.com/jobs/listing/program-manager-premium-services/2390659/apply?gh_src=73vnei
125614,New Grad Software Engineer,Secureframe,https://jobs.lever.co/secureframe/d90aa468-f846-413f-a9c9-0834d3dfa9d7/apply?lever-source=LinkedIn
125612,Product Designer,Beachbody,https://beachbody.wd1.myworkdayjobs.com/en-US/Careers/job/Santa-Monica/Product-Designer_R-979?mode=job&iis=Job%2BBoard&iisn=LinkedIn
125610,"",Unknown,https://mail.google.com/mail/u/0/?tab=rm1#inbox
125615,Software Engineer - New Grad 2021 (Remote),Quora,
125618,Organizational Development Program Manager,Thumbtack,https://boards.greenhouse.io/thumbtack/jobs/2291997?gh_src=70e255a51us#app
125616,"",Unknown,https://www.klaviyo.com/careers/job?gh_jid=4202056003
125620,Product Designer,XILO,
125621,Product Designer,XILO,
125741,Product Manager ,Parsley Health,https://boards.greenhouse.io/parsleyhealth/jobs/4220534003#app
125624,Bioinformatics analyst,A-Alpha Bio,https://www.linkedin.com/jobs/view/2261980615/
125627,"",Unknown,https://nicolawealth.com/jobs/4968643002/?gh_jid=4968643002
125625,Software Developer,Tata Consultancy Services,https://www.linkedin.com/jobs/search/?pivotType=jymbii&start=48
121702,Product Manager,VSCO,https://boards.greenhouse.io/vsco39/jobs/4890471002?gh_src=vsco-careers#app
121693,"",Unknown,http://careers.masterclass.com/job.html?gh_jid=1822279
125626,Director of Digital Marketing,Christian Brothers Automotive,https://www.linkedin.com/jobs/search/?currentJobId=2324128214&geoId=103743442&keywords=paid%20media&location=Houston%2C%20Texas%2C%20United%20States
125628,AI and analytics Senior Data Engineer,Cognizant,https://careers.cognizant.com/studentandinterns/na/en/job/35822/AI-Analytics-Senior-Data-Engineer
125629,US Policy Manager,Reddit,https://boards.greenhouse.io/reddit/jobs/2444763#app
125632,Product Designer,Lessonly,https://jobs.jobvite.com/lessonly/job/oxpgefwa/apply
125637,Software Engineer - New Grad 2021 (Remote),Quora,https://boards.greenhouse.io/quora/jobs/5010444002#app
125634,Advertising Operation Specialist,Facebook,
125631,Product Manager,MasterClass,http://careers.masterclass.com/job.html?gh_jid=1822279
125633,Advertising operations specialist,Facebook,
125636,New Grad Software Engineer,Secureframe,https://jobs.lever.co/secureframe/d90aa468-f846-413f-a9c9-0834d3dfa9d7/apply?lever-source=LinkedIn
125638,Software Engineer - New Grad 2021 (Remote),Quora,https://boards.greenhouse.io/quora/jobs/5010444002#app
125639,Software Engineer,Reprise,https://boards.greenhouse.io/reprise/jobs/4290134003
125643,"",Unknown,https://robinhood.com/us/en/careers/openings/?gh_jid=2038775
125640,"Software Engineer, Server",VSCO,https://boards.greenhouse.io/vsco39/jobs/4849122002?s=LinkedIn&source=LinkedIn
125642,Software engineering management pipeline: referral opportunities,Wayfair,https://boards.greenhouse.io/trackinglink/jobs/4909380002
125644,Product Manager,Tipico,https://jobs.smartrecruiters.com/Tipico/743999722570991-data-product-owner
125645,Customer Success Manager,Monday.com,https://monday.com/careers/A3.51A?coref=1.11.pE1_C24
125647,Data scientist,HRCap,
125646,Marketing Business Analytics Analyst,Udemy,https://jobs.lever.co/udemy/f8a93832-a6de-4eab-a762-2072383a04f3/apply
125649,Product Manager,Promenade,https://jobs.lever.co/bloomnation/fb2f44a0-8add-4e9c-94f8-ae6d78450be9/apply
125650,Product Designer,Vidyard,https://boards.greenhouse.io/vidyard/jobs/2556034
125651,Product Designer,MaestroQA,https://boards.greenhouse.io/maestroqa/jobs/4305664003?gh_src=20781f143us
125657,"Front-End Engineer, Core",Vimeo,https://boards.greenhouse.io/vimeo/jobs/2337644?gh_src=550f6f7c1us
121231,Junior software engineer,Camp Gladiator,https://www.builtinaustin.com/job/engineer/junior-software-engineer/65522
125654,Full stack intern,Koda Health,http://None
125653,Jr. Product Designer,Rivian Automotive,https://jobs.lever.co/rivian.com/2c7fe0d5-3a96-4dea-af99-525d54003151/apply
125655,Product Designer,TrialSpark,https://boards.greenhouse.io/trialspark/jobs/1782039?s=LinkedIn&source=LinkedIn
125658,Full-Stack Web Developer,Kettle,https://boards.greenhouse.io/kettle/jobs/2557187?gh_src=ddc2c2a51us
125666,Product Designer,Chili Piper,https://boards.greenhouse.io/chilipiper/jobs/4302254003?gh_src=25bf935f3us
115470,"",Unknown,https://www.payoneer.com/careers/
125659,Software Developer,Tata Consultancy Services,https://www.linkedin.com/jobs/search/?currentJobId=2347332198&f_C=1353&f_TPR=r86400&geoId=103644278&keywords=software%20engineer&location=United%20States
125660,Software Developer,Tata Consultancy Services,https://www.linkedin.com/jobs/search/?currentJobId=2347334188&f_C=1353&f_TPR=r86400&geoId=103644278&keywords=software%20engineer&location=United%20States
125664,Web Developer,Absolute Magnitude,https://www.linkedin.com/jobs/search/?currentJobId=2340634671&f_E=2&geoId=102571732&keywords=web%20developer&location=New%20York%2C%20New%20York%2C%20United%20States
125661,Frontend Engineer,ordergrove,https://www.ordergroove.com/jobs/?gh_jid=4992006002&gh_src=fb8596b32us
125667,Assistant Product Manager,Sharp Decisions Inc,https://www.sharpdecisions.com/careerportal/#/jobs/41495
125663,Software Engineer - San Francisco / New York,Blend,https://jobs.lever.co/blendlabs/ecccb3f7-d3d7-41fb-b2fb-32352c578813/apply
125668,Junior software engineer,Zopa,https://jobs.lever.co/zopa/d91bbceb-3a3d-4f06-b76f-7b5ab86001e7/apply
125669,Junior software engineer,Talend,https://jobs.lever.co/talend/d6f028a9-cafd-42fe-9f90-f89f7cb695d9/apply
125670,"Data Analyst, Marketing Strategy and Ops","Williams-Sonoma, Inc.",https://ehac.fa.us6.oraclecloud.com/hcmUI/CandidateExperience/en/sites/CX_1/job/1245/?utm_medium=jobshare
125673,Paid Search Specialist,Malone Media Group,https://www.glassdoor.com/Job/jobs.htm?suggestCount=0&suggestChosen=false&clickSource=searchBtn&typedKeyword=paid+&locT=C&locId=1140171&jobType=&context=Jobs&sc.keyword=Paid+Search+Specialist&dropdown=0
125672,"Software Engineer, Entry Level",Xerox Financial Services,https://xerox.avature.net/en_US/careers/ApplicationReview?jobId=23037
125675,Data Analyst,The Washington Post,https://washpost.wd5.myworkdayjobs.com/en-US/washingtonpostcareers/job/DC-Washington-TWP-Headquarters/Data-Analyst_JR-90271818?source=Applicant_Source_Social+Media_LinkedIn
125676,Project Manager,Unknown,https://jobs.lever.co/grailbio/39622420-190b-445b-9298-f22ff6e71e22/apply?lever-origin=applied&lever-source%5B%5D=BuiltInSan%20Francisco
125677,Data Analyst - Product/Content,Tempo,https://jobs.lever.co/tempo/bb211eba-0ed3-4e70-b423-265f6d806984/apply?lever-source=LinkedIn
125678,Product Manager,Tidelift,https://tidelift.com/about/careers/current?gh_jid=4012606003
125680,UX/UI Designer,Whova,https://www.linkedin.com/jobs/search/?currentJobId=2347334300&f_TPR=r86400&geoId=103644278&keywords=ux%20designer%20junior&location=United%20States
125683,Software Engineer,Covariant,https://jobs.lever.co/covariant/ea0fb3fe-5f3c-47fe-99b9-a130d89911cd/apply
125684,Software engineer c#,Unknown,https://jobs.lever.co/deepcell/b7747954-5b61-4c4e-95eb-3dcd0f3246bf/apply
125685,Software Engineer - Perception (C++),AutoX Inc,https://boards.greenhouse.io/autox/jobs/1038676
125681,"",Unknown,https://punchh.com/careers-positions/?gh_jid=5010825002&gh_src=7dfc85482us
125686,Associate Product Manager,EasyKnock,https://boards.greenhouse.io/easyknock/jobs/4921852002
125689,Associate Product Manager,Aceable,https://boards.greenhouse.io/aceable/jobs/4999623002?gh_src=b399a0b72us#app
125688,Project Manager,LigoLab,
125693,Product Manager,Centerfield Media,https://jobs.lever.co/centerfield/36a4f313-da1a-432f-ac38-1ffb49059463/apply
125694,Product Manager,Balsam Brands,https://jobs.smartrecruiters.com/BalsamBrands/743999729366783-product-manager?source=Linkedin
115818,"",Unknown,https://www.mark43.com/list-job/?gh_jid=2334749
125690,Software Engineer C#,Unknown,https://jobs.lever.co/deepcell/b7747954-5b61-4c4e-95eb-3dcd0f3246bf/apply
125691,Product Manager - Diagnostics,Samsara,https://boards.greenhouse.io/samsara/jobs/2548961?gh_src=a42fbb361#app
125696,Growth Product Manager,Buttered Toast,https://www.linkedin.com/jobs/search/?currentJobId=2347328838&f_TPR=r604800&geoId=102095887&keywords=product%20manager&location=California%2C%20United%20States
125697,"Strategy, Product, Analytics Leadership Development",Fifth Third Bank,
125698,Data Product Manager,Invitae,https://boards.greenhouse.io/invitae/jobs/2555376?gh_jid=2555376&gh_src=c30c64551#app
125699,"Product manager, business systems",Side Inc.,https://jobs.lever.co/sideinc/37a8f9d9-36be-4581-9851-2d326d8db813/apply
125700,UX Designer,Pangaea Holdings,https://www.pangaea.holdings/careers?gh_jid=5010642002&gh_src=1005c03f2us
125702,Product Designer,Match Group,https://jobs.lever.co/matchgroup/b54101b9-8a24-4234-b79a-19c4f7d0377d/apply
122527,Product Designer ,Samsara,https://boards.greenhouse.io/samsara/jobs/850726?gh_src=a42fbb361#app
125703,Video algorithm engineer (video architecture) - 2021 start,ByteDance,https://jobs.bytedance.com/en/resume/6893746405232888071/apply
125704,Product Manager,PANGAEA,https://www.pangaea.holdings/careers?gh_jid=5008517002&gh_src=c10438ca2us
125705,"",Unknown,https://robinhood.com/us/en/careers/openings/?gh_jid=2542753
125713,Product Designer,Trove Recommerce,https://boards.greenhouse.io/trove/jobs/5001689002?gh_src=c7016f282us#app
125707,Data Analyst,Montefiore Medical Center,https://career4.successfactors.com/portalcareer?_s.crb=ziOexWghyHNcldmKIcj%252bmg5WoJXg39mZ%252fjvFfHb2T%252b4%253d
125715,Product Manager,Roku,https://www.roku.com/jobs/apply/2312577/product-manager-ad-platform-dmp
125711,Data Scientist,Blizzard Entertainment,https://careers.blizzard.com/global/en/applythankyou?jobSeqNo=BLENGLOBALR003705EXTERNALENGLOBAL&status=thankyou&jobTitle=Data%20Scientist&jobId=R003705&candidateHomeUrl=https://activision6.wd2.myworkdayjobs-impl.com/External/login?Job_Application_ID=JOB_APPLICATION-3-317760
125722,Data Scientist,citizen,https://boards.greenhouse.io/citizen/jobs/4101944003/confirmation
125723,Senior Product Manager,Superhuman,https://superhuman.com/roles?gh_jid=2444377
125725,Data Research Analyst,Eliassen Group,https://www.linkedin.com/jobs/search/?currentJobId=2344442096&geoId=103644278&keywords=data%20analyst&location=United%20States
125706,Front End Developer,Hear.com,https://boards.greenhouse.io/hearcom/jobs/2546267?gh_src=bed259871us
125709,Front End Developer,HomeAdvisor & Angie's List,https://boards.greenhouse.io/homeadvisorangieslist/jobs/4977169002?gh_src=212676ee2#app
125710,Jr. Product Designer,Rivian Automotive,https://jobs.lever.co/rivian.com/2c7fe0d5-3a96-4dea-af99-525d54003151/apply
125712,Software Engineer - Sensor Integration - New Grad,Anduril Industries,https://jobs.lever.co/anduril/9e560e2b-19e4-4242-b1ae-10ad17e1e3fd/apply?lever-source=LinkedIn
125717,Data Scientist,Hrcap,
125714,Product Owner,Viamo,https://viamo-inc.breezy.hr/p/7a1a7f4086f9-product-owner-behaviour-change-and-transaction-apps/apply
125716,Data Analyst,CoreLogic,https://corelogic.wd5.myworkdayjobs.com/en-US/USCAN/jobs
125724,Product Manager,Cable Exchange,https://www.linkedin.com/jobs/search/?currentJobId=2357076414&f_TPR=r604800&geoId=102095887&keywords=product%20manager&location=California%2C%20United%20States&start=125
125726,Sales Enablement Program Manager,Signifyd,https://boards.greenhouse.io/signifyd95/jobs/2548186
129073,Data Scientist,MGIC,https://www.linkedin.com/jobs/search/?alertAction=viewjobs&currentJobId=2340212734&f_TPR=a1609822498-&keywords=data%20scientist&savedSearchId=978877954&searchAlertRefId=29e8fc42-b5b2-4992-b61a-3a87452d6e88
125718,"Senior product manager, growth",Chime,https://www.chime.com/job-openings/?gh_jid=4903738002&gh_src=35f490fd2
125719,Data Analyst,Ringdna,https://www.ringdna.com/careers-open-positions?gh_jid=4900120002
125720,Data Scientist ,Citizen,https://boards.greenhouse.io/citizen/jobs/4101944003
125727,Full Stack Engineer (React/Rails),Demoflow,https://jobs.lever.co/demoflow/85dd0012-029a-4e41-b2fd-1bdf5c23ae4a/apply?lever-origin=applied&lever-source%5B%5D=BuiltInColorado
125730,New Grad Software Engineer,Secureframe,https://jobs.lever.co/secureframe/d90aa468-f846-413f-a9c9-0834d3dfa9d7/apply
125735,Junior Data Analyst,LockerDome,https://www.linkedin.com/jobs/search/?currentJobId=2334351827&geoId=103644278&keywords=data%20analyst&location=United%20States
125732,Deputy Program Manager,CATHEXIS,https://boards.greenhouse.io/cathexis/jobs/4204001003#app
125733,Associate Product Manager,Narvar,https://www.linkedin.com/jobs/search/?currentJobId=2346239583&geoId=103644278&keywords=product%20manager&location=United%20States
125734,"Program Manager, Clinical Integration ",98point6,https://boards.greenhouse.io/98point6/jobs/4909413002
125740,Senior Product Manager,Parsley Health,https://boards.greenhouse.io/parsleyhealth/jobs/4281675003#app
125743,Product Manager,Newsela,https://newsela.com/about/company/careers/post/?gh_jid=2442316
125744,Data Analyst,Hp,https://hp.wd5.myworkdayjobs.com/en-US/ExternalCareerSite/jobs
125745,Product Analytics Manager,RigUp,https://boards.greenhouse.io/rigup/jobs/4243165003?gh_src=b39182283us#app
115610,swe,Modular Mining Systems,
125736,"Product Manager - Integrations and Tools - Remote or SF, CA",Life360,https://boards.greenhouse.io/life360/jobs/5006592002
125737,Program Manager - Enterprise,Feather,https://boards.greenhouse.io/feather/jobs/4983068002
125739,Product Manager,EZ Texting,https://www.eztexting.com/careers/jobs/4215614003
125746,Marketing Manager,Amazon,
125747,"Product Manager, Government ",Udacity,https://boards.greenhouse.io/udacity/jobs/4928122002
125748,Business Analyst,Optum,https://www.linkedin.com/jobs/search/?currentJobId=2341548236&pivotType=jymbii
125752,Product Manager,Ocient,http://www.ocient.com/careers?gh_jid=4221144003&gh_src=930eba6f3
125753,Product Manager,VillageMD,https://www.villagemd.com/open-positions?gh_jid=4961751002&gh_src=5b5858f32
125763,"Senior Growth Marketing Manager, Lifecycle",Affirm,"http://Senior Growth Marketing Manager, Lifecycle"
125757,"Growth Marketing Manager, Demand Generation",Affirm,https://boards.greenhouse.io/affirm/jobs/4303105003
125758,"Product Manager, NGS",Twist Bioscience,https://boards.greenhouse.io/twistbioscience/jobs/2319477#app
125759,RippleX Product Manager,Ripple,https://boards.greenhouse.io/ripple/jobs/2412384?s=LinkedIn&source=LinkedIn#app
125760,"Senior Growth Marketing Manager, Lifecycle",Affirm,https://boards.greenhouse.io/affirm/jobs/4222702003#app
125761,"Senior Growth Marketing Manager, Lifecycle",Affirm,https://boards.greenhouse.io/affirm/jobs/4222702003
125762,Software Engineer,Jerry.ai,https://www.linkedin.com/jobs/view/2347328943/?refId=deefe0e6-86cb-48e4-aeef-19b1b4c8e22b&trk=flagship3_job_home_savedjobs
125765,Product manager,Tipico,https://jobs.smartrecruiters.com/tipico/743999722570991-data-product-owner
125766,Product Manager,Attentive,https://jobs.lever.co/attentivemobile/aa5af920-e112-492e-9c29-7b98ddb396d4/apply
125769,Associate Product Manager,Aceable,https://boards.greenhouse.io/aceable/jobs/4999623002?gh_src=b399a0b72us
125750,Data Analyst,Good Apple,https://www.linkedin.com/jobs/search/?currentJobId=2315086307&pivotType=jymbii
125754,Product Manager,rightpoint,https://jobs.jobvite.com/rightpoint/job/onLUdfwZ/apply
129075,"Product Manager, Ecommerce",BOLD,https://boards.greenhouse.io/embed/job_app?for=livecareer&token=2526595
125755,"Growth Marketing Manager, Demand Generation",Affirm,
125764,Junior Software Engineer,Talend,https://jobs.lever.co/talend/d6f028a9-cafd-42fe-9f90-f89f7cb695d9/apply
125767,Content writer,"Solutionreach, Inc.",https://www.ventureloop.com/ventureloop/job/1570957/solutionreach/content-writer
125770,Digital Marketing Manager,endevis,https://endevis.com/direct-jobs/?JOBSHAREHJTOL3MV6542UD77WNPKUFIMK4WVJFMRCGUMGRIUR57DEAUKWSEDLJZVUQ
125771,Digital Marketing & Lead Generation Manager ,WeSolv,https://www.ziprecruiter.com/candidate/search?post_guest_apply=1&search=Digital%20Marketing%20%26%20Lead%20Generation%20Manager%20-%20WeSolv&location=Chicago
115841,"",Unknown,https://blueshift.com/careers/?gh_jid=4979251002
125772,Product Designer,Elation Health,https://www.elationhealth.com/careers?gh_jid=2065912
125775,Ux/Ui Designer,Criteria Corp,https://www.criteriacorp.com/careers/uiux-designer
125774,"Sr. Manager, Data Science",Ebay,
125776,Product Designer,Apartment List,https://boards.greenhouse.io/apartmentlist/jobs/4242552003#app
125777,Viz Specialist,Fetch Rewards,https://boards.greenhouse.io/fetchrewards/jobs/4163336003
125779,Program Manager,Zillow,https://www.linkedin.com/jobs/search/?currentJobId=2326172428&geoId=103644278&keywords=program%20manger&location=United%20States&start=25
125782,"IT Software Engineer, 2021 Graduate",Atlassian,https://jobs.lever.co/atlassian/7572ea2f-d134-4d9b-a9f0-5de18703bf13?trid=1e0b9127-2df6-4b3d-8bc4-d81ae332a601&lever-source=LinkedInJobs
125784,Product Manager,SkillSoniq,
125785,Software Engineer,Paypal,
125786,Product Manager,Newsela,